{"ta500": {"anom": {"mean": -2.1603864274007837e-12, "std": 1.6591156546694987}}, "tos": {"anom": {"mean": 5.822156664378462e-13, "std": 0.52809598578201}}, "rsds": {"anom": {"mean": 1.711579045107998e-06, "std": 1015219.1048228218}}, "rsus": {"anom": {"mean": 9.95651960855671e-13, "std": 7.2490489258776405}}, "psl": {"anom": {"mean": 1.3657589659099027e-09, "std": 394.5617648238881}}, "zg500": {"anom": {"mean": 1.4951655222284315e-10, "std": 50.80324465199198}}, "zg250": {"anom": {"mean": 1.4348836011481582e-10, "std": 70.06606834576085}}, "ua10": {"abs": {"mean": 6.049679936289739, "std": 17.88357735045285}}, "uas": {"abs": {"mean": 0.7007453131053745, "std": 2.359575344121192}}, "vas": {"abs": {"mean": -0.09425203854142171, "std": 1.9121757437379892}}, "tas": {"anom": {"mean": -1.4865481246252265e-12, "std": 1.9800507660473554}}}